PMID,Title,Authors,Citation,First Author,Journal/Book,Publication Year,Create Date,PMCID,NIHMS ID,DOI
"39342289","Associations of healthy eating patterns with biological aging: national health and nutrition examination survey (NHANES) 1999-2018","Wang X, Yan X, Zhang J, Pan S, Li R, Cheng L, Qi X, Li L, Li Y.","Nutr J. 2024 Sep 28;23(1):112. doi: 10.1186/s12937-024-01017-0.","Wang X","Nutr J","2024","2024/09/28","PMC11439248","","10.1186/s12937-024-01017-0"
"30669119","DNA methylation GrimAge strongly predicts lifespan and healthspan","Lu AT, Quach A, Wilson JG, Reiner AP, Aviv A, Raj K, Hou L, Baccarelli AA, Li Y, Stewart JD, Whitsel EA, Assimes TL, Ferrucci L, Horvath S.","Aging (Albany NY). 2019 Jan 21;11(2):303-327. doi: 10.18632/aging.101684.","Lu AT","Aging (Albany NY)","2019","2019/01/23","PMC6366976","","10.18632/aging.101684"
"39900648","Individual and additive effects of vitamin D, omega-3 and exercise on DNA methylation clocks of biological aging in older adults from the DO-HEALTH trial","Bischoff-Ferrari HA, Gängler S, Wieczorek M, Belsky DW, Ryan J, Kressig RW, Stähelin HB, Theiler R, Dawson-Hughes B, Rizzoli R, Vellas B, Rouch L, Guyonnet S, Egli A, Orav EJ, Willett W, Horvath S.","Nat Aging. 2025 Mar;5(3):376-385. doi: 10.1038/s43587-024-00793-y. Epub 2025 Feb 3.","Bischoff-Ferrari HA","Nat Aging","2025","2025/02/03","PMC11922767","","10.1038/s43587-024-00793-y"
"33844651","Potential reversal of epigenetic age using a diet and lifestyle intervention: a pilot randomized clinical trial","Fitzgerald KN, Hodges R, Hanes D, Stack E, Cheishvili D, Szyf M, Henkel J, Twedt MW, Giannopoulou D, Herdell J, Logan S, Bradley R.","Aging (Albany NY). 2021 Apr 12;13(7):9419-9432. doi: 10.18632/aging.202913. Epub 2021 Apr 12.","Fitzgerald KN","Aging (Albany NY)","2021","2021/04/12","PMC8064200","","10.18632/aging.202913"
"36066889","Association of Unhealthy Lifestyle and Childhood Adversity With Acceleration of Aging Among UK Biobank Participants","Yang G, Cao X, Li X, Zhang J, Ma C, Zhang N, Lu Q, Crimmins EM, Gill TM, Chen X, Liu Z.","JAMA Netw Open. 2022 Sep 1;5(9):e2230690. doi: 10.1001/jamanetworkopen.2022.30690.","Yang G","JAMA Netw Open","2022","2022/09/06","PMC9449787","","10.1001/jamanetworkopen.2022.30690"
"37789775","Accelerated aging mediates the associations of unhealthy lifestyles with cardiovascular disease, cancer, and mortality","Li X, Cao X, Zhang J, Fu J, Mohedaner M, Danzengzhuoga, Sun X, Yang G, Yang Z, Kuo CL, Chen X, Cohen AA, Liu Z.","J Am Geriatr Soc. 2024 Jan;72(1):181-193. doi: 10.1111/jgs.18611. Epub 2023 Oct 4.","Li X","J Am Geriatr Soc","2024","2023/10/04","PMC11078652","NIHMS1936223","10.1111/jgs.18611"
"33930583","A systematic review of biological, social and environmental factors associated with epigenetic clock acceleration","Oblak L, van der Zaag J, Higgins-Chen AT, Levine ME, Boks MP.","Ageing Res Rev. 2021 Aug;69:101348. doi: 10.1016/j.arr.2021.101348. Epub 2021 Apr 28.","Oblak L","Ageing Res Rev","2021","2021/04/30","","","10.1016/j.arr.2021.101348"
"39683559","The Mediating Role of Body Mass Index in the Association Between Dietary Index for Gut Microbiota and Biological Age: A Study Based on NHANES 2007-2018","An S, Qin J, Gong X, Li S, Ding H, Zhao X, He H, Zhou L, Deng X, Chu X.","Nutrients. 2024 Nov 30;16(23):4164. doi: 10.3390/nu16234164.","An S","Nutrients","2024","2024/12/17","PMC11643866","","10.3390/nu16234164"
"38740004","Synergistic impact of 25-hydroxyvitamin D concentrations and physical activity on delaying aging","Liu C, Hua L, Xin Z.","Redox Biol. 2024 Jul;73:103188. doi: 10.1016/j.redox.2024.103188. Epub 2024 May 10.","Liu C","Redox Biol","2024","2024/05/13","PMC11103937","","10.1016/j.redox.2024.103188"
"28198702","Epigenetic clock analysis of diet, exercise, education, and lifestyle factors","Quach A, Levine ME, Tanaka T, Lu AT, Chen BH, Ferrucci L, Ritz B, Bandinelli S, Neuhouser ML, Beasley JM, Snetselaar L, Wallace RB, Tsao PS, Absher D, Assimes TL, Stewart JD, Li Y, Hou L, Baccarelli AA, Whitsel EA, Horvath S.","Aging (Albany NY). 2017 Feb 14;9(2):419-446. doi: 10.18632/aging.101168.","Quach A","Aging (Albany NY)","2017","2017/02/16","PMC5361673","","10.18632/aging.101168"
"38701212","Early-life exposure to tobacco, genetic susceptibility, and accelerated biological aging in adulthood","Cui F, Tang L, Li D, Ma Y, Wang J, Xie J, Su B, Tian Y, Zheng X.","Sci Adv. 2024 May 3;10(18):eadl3747. doi: 10.1126/sciadv.adl3747. Epub 2024 May 3.","Cui F","Sci Adv","2024","2024/05/03","PMC11068008","","10.1126/sciadv.adl3747"
"37743489","The effect of polyphenols on DNA methylation-assessed biological age attenuation: the DIRECT PLUS randomized controlled trial","Yaskolka Meir A, Keller M, Hoffmann A, Rinott E, Tsaban G, Kaplan A, Zelicha H, Hagemann T, Ceglarek U, Isermann B, Shelef I, Blüher M, Stumvoll M, Li J, Haange SB, Engelmann B, Rolle-Kampczyk U, von Bergen M, Hu FB, Stampfer MJ, Kovacs P, Liang L, Shai I.","BMC Med. 2023 Sep 25;21(1):364. doi: 10.1186/s12916-023-03067-3.","Yaskolka Meir A","BMC Med","2023","2023/09/24","PMC10519069","","10.1186/s12916-023-03067-3"
"37648648","Day-to-day deviations in sleep parameters and biological aging: Findings from the NHANES 2011-2014","Wang X, Xu Y, Li X, Mansuri A, McCall WV, Liu Y, Su S.","Sleep Health. 2023 Dec;9(6):940-946. doi: 10.1016/j.sleh.2023.07.018. Epub 2023 Aug 28.","Wang X","Sleep Health","2023","2023/08/30","PMC10843622","NIHMS1921798","10.1016/j.sleh.2023.07.018"
"40191209","The mediating role of biological age in the association between dietary index for gut microbiota and sarcopenia","Zhang J, Guo J, Zhang J, Liu H, Zhou L, Cheng C, Cao H.","Front Immunol. 2025 Mar 21;16:1552525. doi: 10.3389/fimmu.2025.1552525. eCollection 2025.","Zhang J","Front Immunol","2025","2025/04/07","PMC11968661","","10.3389/fimmu.2025.1552525"
"38954910","Phthalate exposure and markers of biological aging: The mediating role of inflammation and moderating role of dietary nutrient intake","Xu X, Zheng J, Li J, Shen Y, Zhu L, Jin Y, Zhang M, Yang S, Du J, Wang H, Chen B, Dong R.","Ecotoxicol Environ Saf. 2024 Aug;281:116649. doi: 10.1016/j.ecoenv.2024.116649. Epub 2024 Jul 1.","Xu X","Ecotoxicol Environ Saf","2024","2024/07/02","","","10.1016/j.ecoenv.2024.116649"
"40301976","Early-life smoking, cardiovascular disease risk, and the mediating role of DNA methylation biomarkers of aging","Sheng C, Zhou R, Wang H, Lin G, Cai Z, Wang W.","J Transl Med. 2025 Apr 29;23(1):484. doi: 10.1186/s12967-025-06492-5.","Sheng C","J Transl Med","2025","2025/04/29","PMC12038996","","10.1186/s12967-025-06492-5"
"37118425","Effect of long-term caloric restriction on DNA methylation measures of biological aging in healthy adults from the CALERIE trial","Waziry R, Ryan CP, Corcoran DL, Huffman KM, Kobor MS, Kothari M, Graf GH, Kraus VB, Kraus WE, Lin DTS, Pieper CF, Ramaker ME, Bhapkar M, Das SK, Ferrucci L, Hastings WJ, Kebbe M, Parker DC, Racette SB, Shalev I, Schilling B, Belsky DW.","Nat Aging. 2023 Mar;3(3):248-257. doi: 10.1038/s43587-022-00357-y. Epub 2023 Feb 9.","Waziry R","Nat Aging","2023","2023/04/28","PMC10148951","NIHMS1860504","10.1038/s43587-022-00357-y"
"36896965","Healthy Lifestyle Behaviors and Biological Aging in the U.S. National Health and Nutrition Examination Surveys 1999-2018","Thomas A, Belsky DW, Gu Y.","J Gerontol A Biol Sci Med Sci. 2023 Aug 27;78(9):1535-1542. doi: 10.1093/gerona/glad082.","Thomas A","J Gerontol A Biol Sci Med Sci","2023","2023/03/10","PMC10460553","","10.1093/gerona/glad082"
"34535961","DNA methylation-based biomarkers of aging were slowed down in a two-year diet and physical activity intervention trial: the DAMA study","Fiorito G, Caini S, Palli D, Bendinelli B, Saieva C, Ermini I, Valentini V, Assedi M, Rizzolo P, Ambrogetti D, Ottini L, Masala G.","Aging Cell. 2021 Oct;20(10):e13439. doi: 10.1111/acel.13439. Epub 2021 Sep 18.","Fiorito G","Aging Cell","2021","2021/09/18","PMC8520727","","10.1111/acel.13439"
"39657624","Association between ultra-processed food intake and biological ageing in US adults: findings from National Health and Nutrition Examination Survey (NHANES) 2003-2010","Cardoso BR, Liu J, Machado P, Kwon D, Belsky DW, Martinez Steele E.","Age Ageing. 2024 Nov 28;53(12):afae268. doi: 10.1093/ageing/afae268.","Cardoso BR","Age Ageing","2024","2024/12/10","PMC11631094","","10.1093/ageing/afae268"
"36947707","Potential reversal of biological age in women following an 8-week methylation-supportive diet and lifestyle program: a case series","Fitzgerald KN, Campbell T, Makarem S, Hodges R.","Aging (Albany NY). 2023 Mar 22;15(6):1833-1839. doi: 10.18632/aging.204602. Epub 2023 Mar 22.","Fitzgerald KN","Aging (Albany NY)","2023","2023/03/22","PMC10085584","","10.18632/aging.204602"
"39819329","Dietary carotenoid intakes and biological aging among US adults, NHANES 1999-2018","Qi X, Wang X, Cheng L, Li Y, Dang K, Yang S, Wang Y, Zhou R, Zhang C, Li Y.","Nutr J. 2025 Jan 16;24(1):9. doi: 10.1186/s12937-025-01079-8.","Qi X","Nutr J","2025","2025/01/17","PMC11737250","","10.1186/s12937-025-01079-8"
"40266024","Dietary associations with reduced epigenetic age: a secondary data analysis of the methylation diet and lifestyle study","Villanueva JL, Vita AA, Zwickey H, Fitzgerald K, Hodges R, Zimmerman B, Bradley R.","Aging (Albany NY). 2025 Apr 17;17(4):994-1010. doi: 10.18632/aging.206240. Epub 2025 Apr 17.","Villanueva JL","Aging (Albany NY)","2025","2025/04/23","PMC12074822","","10.18632/aging.206240"
"39821867","The associations of long-term physical activity in adulthood with later biological ageing and all-cause mortality - a prospective twin study","Kankaanpää A, Tolvanen A, Joensuu L, Waller K, Heikkinen A, Kaprio J, Ollikainen M, Sillanpää E.","Eur J Epidemiol. 2025 Jan;40(1):107-122. doi: 10.1007/s10654-024-01200-x. Epub 2025 Jan 17.","Kankaanpää A","Eur J Epidemiol","2025","2025/01/17","PMC11799114","","10.1007/s10654-024-01200-x"
"35718862","Effect of Diet, Exercise, or Both on Biological Age and Healthy Aging in Older Adults with Obesity: Secondary Analysis of a Randomized Controlled Trial","Ho E, Qualls C, Villareal DT.","J Nutr Health Aging. 2022;26(6):552-557. doi: 10.1007/s12603-022-1812-x.","Ho E","J Nutr Health Aging","2022","2022/06/19","PMC9236175","NIHMS1812889","10.1007/s12603-022-1812-x"
"39073814","Socioeconomic Status, Lifestyle, and DNA Methylation Age Among Racially and Ethnically Diverse Adults: NIMHD Social Epigenomics Program","Maunakea AK, Phankitnirundorn K, Peres R, Dye C, Juarez R, Walsh C, Slavens C, Park SL, Wilkens LR, Le Marchand L.","JAMA Netw Open. 2024 Jul 1;7(7):e2421889. doi: 10.1001/jamanetworkopen.2024.21889.","Maunakea AK","JAMA Netw Open","2024","2024/07/29","PMC11287425","","10.1001/jamanetworkopen.2024.21889"
"34525884","Unstable Childhood, Adult Adversity, and Smoking Accelerate Biological Aging Among Middle-Age African Americans: Similar Findings for GrimAge and PoAm","Simons RL, Ong ML, Lei MK, Klopack E, Berg M, Zhang Y, Philibert R, Beach SSR.","J Aging Health. 2022 Aug-Sep;34(4-5):487-498. doi: 10.1177/08982643211043668. Epub 2021 Sep 15.","Simons RL","J Aging Health","2022","2021/09/16","PMC9851128","NIHMS1861888","10.1177/08982643211043668"
"38855439","Effect of Modifiable Lifestyle Factors on Biological Aging","Lu WH.","JAR Life. 2024 Jun 5;13:88-92. doi: 10.14283/jarlife.2024.13. eCollection 2024.","Lu WH","JAR Life","2024","2024/06/10","PMC11161669","","10.14283/jarlife.2024.13"
"36808764","Childhood sleep health and epigenetic age acceleration in late adolescence: Cross-sectional and longitudinal analyses","Balfour D, Melton PE, McVeigh JA, Huang RC, Eastwood PR, Wanstall S, Reynolds AC, Cohen-Woods S.","Acta Paediatr. 2023 May;112(5):1001-1010. doi: 10.1111/apa.16719. Epub 2023 Mar 3.","Balfour D","Acta Paediatr","2023","2023/02/22","PMC10952569","","10.1111/apa.16719"
"29753480","Characterizing social behavior, activity, and associations between cognition and behavior upon social grouping of weaned dairy calves","Horvath KC, Miller-Cushon EK.","J Dairy Sci. 2018 Aug;101(8):7287-7296. doi: 10.3168/jds.2018-14545. Epub 2018 May 10.","Horvath KC","J Dairy Sci","2018","2018/05/14","","","10.3168/jds.2018-14545"
"39510725","Evaluating the connection between diet quality, EpiNutrient intake and epigenetic age: an observational study","Bordoni L, Agostinho de Sousa J, Zhuo J, von Meyenn F.","Am J Clin Nutr. 2024 Nov;120(5):1143-1155. doi: 10.1016/j.ajcnut.2024.08.033. Epub 2024 Oct 11.","Bordoni L","Am J Clin Nutr","2024","2024/11/07","","","10.1016/j.ajcnut.2024.08.033"
"35313970","Genome-wide association studies identify novel genetic loci for epigenetic age acceleration among survivors of childhood cancer","Dong Q, Song N, Qin N, Chen C, Li Z, Sun X, Easton J, Mulder H, Plyler E, Neale G, Walker E, Li Q, Ma X, Chen X, Huang IC, Yasui Y, Ness KK, Zhang J, Hudson MM, Robison LL, Wang Z.","Genome Med. 2022 Mar 22;14(1):32. doi: 10.1186/s13073-022-01038-6.","Dong Q","Genome Med","2022","2022/03/22","PMC8939156","","10.1186/s13073-022-01038-6"
"40362718","Association Between Body Iron Status and Biological Aging","Von Holle A, Ramamurthy S, Díaz Santana MV, Kresovich JK, Taylor JA, Xu Z, O'Brien KM, Sandler DP, Weinberg CR.","Nutrients. 2025 Apr 23;17(9):1409. doi: 10.3390/nu17091409.","Von Holle A","Nutrients","2025","2025/05/14","PMC12073140","","10.3390/nu17091409"
"39228731","Epigenetic age acceleration and mortality risk prediction in U.S. adults","Mendy A, Mersha TB.","medRxiv [Preprint]. 2024 Aug 29:2024.08.21.24312373. doi: 10.1101/2024.08.21.24312373.","Mendy A","medRxiv","2024","2024/09/04","PMC11370508","","10.1101/2024.08.21.24312373"
"35810614","Epigenetic GrimAge acceleration and cognitive impairment in bipolar disorder","Lima CNC, Suchting R, Scaini G, Cuellar VA, Favero-Campbell AD, Walss-Bass C, Soares JC, Quevedo J, Fries GR.","Eur Neuropsychopharmacol. 2022 Sep;62:10-21. doi: 10.1016/j.euroneuro.2022.06.007. Epub 2022 Jul 8.","Lima CNC","Eur Neuropsychopharmacol","2022","2022/07/10","PMC9427697","NIHMS1818162","10.1016/j.euroneuro.2022.06.007"
"36566336","Social mobility across the lifecourse and DNA methylation age acceleration in adults in the UK","Bao Y, Gorrie-Stone T, Hannon E, Hughes A, Andrayas A, Neilson G, Burrage J, Mill J, Schalkwyk L, Kumari M.","Sci Rep. 2022 Dec 24;12(1):22284. doi: 10.1038/s41598-022-26433-2.","Bao Y","Sci Rep","2022","2022/12/24","PMC9790005","","10.1038/s41598-022-26433-2"
"37733001","Parenting Practices May Buffer the Impact of Adversity on Epigenetic Age Acceleration Among Young Children With Developmental Delays","Sullivan ADW, Bozack AK, Cardenas A, Comer JS, Bagner DM, Forehand R, Parent J.","Psychol Sci. 2023 Oct;34(10):1173-1185. doi: 10.1177/09567976231194221. Epub 2023 Sep 21.","Sullivan ADW","Psychol Sci","2023","2023/09/21","PMC10626625","","10.1177/09567976231194221"
"30388785","Biological Age Is Associated with the Active Use of Nutrition Data","Han KT, Kim DW, Kim SJ, Kim SJ.","Int J Environ Res Public Health. 2018 Nov 1;15(11):2431. doi: 10.3390/ijerph15112431.","Han KT","Int J Environ Res Public Health","2018","2018/11/04","PMC6266208","","10.3390/ijerph15112431"
"34038541","Alcohol Consumption and Methylation-Based Measures of Biological Age","Kresovich JK, Martinez Lopez AM, Garval EL, Xu Z, White AJ, Sandler DP, Taylor JA.","J Gerontol A Biol Sci Med Sci. 2021 Nov 15;76(12):2107-2111. doi: 10.1093/gerona/glab149.","Kresovich JK","J Gerontol A Biol Sci Med Sci","2021","2021/05/26","PMC8599006","","10.1093/gerona/glab149"
"37354880","Household air pollution and epigenetic aging in Xuanwei, China","Blechter B, Cardenas A, Shi J, Wong JYY, Hu W, Rahman ML, Breeze C, Downward GS, Portengen L, Zhang Y, Ning B, Ji BT, Cawthon R, Li J, Yang K, Bozack A, Dean Hosgood H, Silverman DT, Huang Y, Rothman N, Vermeulen R, Lan Q.","Environ Int. 2023 Aug;178:108041. doi: 10.1016/j.envint.2023.108041. Epub 2023 Jun 17.","Blechter B","Environ Int","2023","2023/06/24","PMC11812304","NIHMS1915286","10.1016/j.envint.2023.108041"
"34975461","Epigenetic Age Acceleration and Hearing: Observations From the Baltimore Longitudinal Study of Aging","Kuo PL, Moore AZ, Lin FR, Ferrucci L.","Front Aging Neurosci. 2021 Dec 15;13:790926. doi: 10.3389/fnagi.2021.790926. eCollection 2021.","Kuo PL","Front Aging Neurosci","2021","2022/01/03","PMC8714776","","10.3389/fnagi.2021.790926"
"37890265","Air pollution and epigenetic aging among Black and White women in the US","Koenigsberg SH, Chang CJ, Ish J, Xu Z, Kresovich JK, Lawrence KG, Kaufman JD, Sandler DP, Taylor JA, White AJ.","Environ Int. 2023 Nov;181:108270. doi: 10.1016/j.envint.2023.108270. Epub 2023 Oct 17.","Koenigsberg SH","Environ Int","2023","2023/10/27","PMC10872847","NIHMS1943037","10.1016/j.envint.2023.108270"
"40298664","Environmental Health Is Overlooked in Longevity Research","Mesnage R.","Antioxidants (Basel). 2025 Mar 31;14(4):421. doi: 10.3390/antiox14040421.","Mesnage R","Antioxidants (Basel)","2025","2025/04/29","PMC12024188","","10.3390/antiox14040421"
"40632934","Exercise as a geroprotector: focusing on epigenetic aging","Kawamura T, Higuchi M, Radak Z, Taki Y.","Aging (Albany NY). 2025 Jul 8;17(7):1583-1589. doi: 10.18632/aging.206278. Epub 2025 Jul 8.","Kawamura T","Aging (Albany NY)","2025","2025/07/09","PMC12339019","","10.18632/aging.206278"
"37889500","Alcohol consumption and epigenetic age acceleration across human adulthood","Wang M, Li Y, Lai M, Nannini DR, Hou L, Joehanes R, Huan T, Levy D, Ma J, Liu C.","Aging (Albany NY). 2023 Oct 26;15(20):10938-10971. doi: 10.18632/aging.205153. Epub 2023 Oct 26.","Wang M","Aging (Albany NY)","2023","2023/10/27","PMC10637803","","10.18632/aging.205153"
"35102751","The Impact of Psychosocial Stress from Life Trauma and Racial Discrimination on Epigenetic Aging-A Systematic Review","Lim S, Nzegwu D, Wright ML.","Biol Res Nurs. 2022 Apr;24(2):202-215. doi: 10.1177/10998004211060561. Epub 2022 Feb 1.","Lim S","Biol Res Nurs","2022","2022/02/01","PMC9096197","","10.1177/10998004211060561"
"39073811","Sociodemographic and Lifestyle Factors and Epigenetic Aging in US Young Adults: NIMHD Social Epigenomics Program","Harris KM, Levitt B, Gaydosh L, Martin C, Meyer JM, Mishra AA, Kelly AL, Aiello AE.","JAMA Netw Open. 2024 Jul 1;7(7):e2427889. doi: 10.1001/jamanetworkopen.2024.27889.","Harris KM","JAMA Netw Open","2024","2024/07/29","PMC11287395","","10.1001/jamanetworkopen.2024.27889"
"33714950","Neighborhood environment, social cohesion, and epigenetic aging","Martin CL, Ward-Caviness CK, Dhingra R, Zikry TM, Galea S, Wildman DE, Koenen KC, Uddin M, Aiello AE.","Aging (Albany NY). 2021 Mar 14;13(6):7883-7899. doi: 10.18632/aging.202814. Epub 2021 Mar 14.","Martin CL","Aging (Albany NY)","2021","2021/03/14","PMC8034890","","10.18632/aging.202814"
"38407506","Diet, Pace of Biological Aging, and Risk of Dementia in the Framingham Heart Study","Thomas A, Ryan CP, Caspi A, Liu Z, Moffitt TE, Sugden K, Zhou J, Belsky DW, Gu Y.","Ann Neurol. 2024 Jun;95(6):1069-1079. doi: 10.1002/ana.26900. Epub 2024 Feb 26.","Thomas A","Ann Neurol","2024","2024/02/26","PMC11102315","NIHMS1971594","10.1002/ana.26900"
"32077326","A Systematic Review and Meta-Analysis of Combination Behavioral Interventions Co-Targeting Psychosocial Syndemics and HIV-Related Health Behaviors for Sexual Minority Men","Pantalone DW, Nelson KM, Batchelder AW, Chiu C, Gunn HA, Horvath KJ.","J Sex Res. 2020 Jul;57(6):681-708. doi: 10.1080/00224499.2020.1728514. Epub 2020 Feb 20.","Pantalone DW","J Sex Res","2020","2020/02/21","PMC7457381","NIHMS1619540","10.1080/00224499.2020.1728514"
"37268982","Epigenetic age acceleration mediates the association between smoking and diabetes-related outcomes","Chang XY, Lin WY.","Clin Epigenetics. 2023 Jun 3;15(1):94. doi: 10.1186/s13148-023-01512-x.","Chang XY","Clin Epigenetics","2023","2023/06/02","PMC10239178","","10.1186/s13148-023-01512-x"
"41207303","Biological age measured by DNA methylation clocks and frailty: a systematic review and meta-analysis","Tay JH, Barros D, Wang W, Wazny VK, Maier AB.","Lancet Healthy Longev. 2025 Oct;6(10):100773. doi: 10.1016/j.lanhl.2025.100773. Epub 2025 Nov 6.","Tay JH","Lancet Healthy Longev","2025","2025/11/09","","","10.1016/j.lanhl.2025.100773"
"36198168","Biological age calculators to motivate lifestyle change: Environmental scan of online tools and evaluation of behaviour change techniques","Bonner C, Batcup C, Fajardo M, Trevena L.","Health Promot J Austr. 2023 Feb;34(1):202-210. doi: 10.1002/hpja.671. Epub 2022 Oct 26.","Bonner C","Health Promot J Austr","2023","2022/10/05","PMC10091808","","10.1002/hpja.671"
"40058550","Chemical and climatic environmental exposures and epigenetic aging: A systematic review","Fadadu RP, Bozack AK, Cardenas A.","Environ Res. 2025 Jun 1;274:121347. doi: 10.1016/j.envres.2025.121347. Epub 2025 Mar 7.","Fadadu RP","Environ Res","2025","2025/03/09","PMC12048242","NIHMS2065741","10.1016/j.envres.2025.121347"
"37953967","Associations Between Epigenetic Age Acceleration and microRNA Expression Among U.S. Firefighters","Jung AM, Furlong MA, Goodrich JM, Cardenas A, Beitel SC, Littau SR, Caban-Martinez AJ, Gulotta JJ, Wallentine DD, Urwin D, Gabriel J, Hughes J, Graber JM, Grant C, Burgess JL.","Epigenet Insights. 2023 Nov 8;16:25168657231206301. doi: 10.1177/25168657231206301. eCollection 2023.","Jung AM","Epigenet Insights","2023","2023/11/13","PMC10634256","","10.1177/25168657231206301"
"37036021","Physical activity is associated with slower epigenetic ageing-Findings from the Rhineland study","Fox FAU, Liu D, Breteler MMB, Aziz NA.","Aging Cell. 2023 Jun;22(6):e13828. doi: 10.1111/acel.13828. Epub 2023 Apr 10.","Fox FAU","Aging Cell","2023","2023/04/10","PMC10265180","","10.1111/acel.13828"
"40032851","Sleep traits causally affect epigenetic age acceleration: a Mendelian randomization study","Zhao W, Yu S, Xu Y, Liao H, Chen D, Lu T, Ren Z, Ge L, Liu J, Sun J.","Sci Rep. 2025 Mar 3;15(1):7439. doi: 10.1038/s41598-024-84957-1.","Zhao W","Sci Rep","2025","2025/03/03","PMC11876307","","10.1038/s41598-024-84957-1"
"37149020","Associations between prenatal phthalate exposure and childhood epigenetic age acceleration","Khodasevich D, Holland N, Hubbard A, Harley K, Deardorff J, Eskenazi B, Cardenas A.","Environ Res. 2023 Aug 15;231(Pt 1):116067. doi: 10.1016/j.envres.2023.116067. Epub 2023 May 5.","Khodasevich D","Environ Res","2023","2023/05/06","PMC10330458","NIHMS1900975","10.1016/j.envres.2023.116067"
"37300823","Occupational characteristics and epigenetic aging among older adults in the United States","Andrasfay T, Crimmins E.","Epigenetics. 2023 Dec;18(1):2218763. doi: 10.1080/15592294.2023.2218763.","Andrasfay T","Epigenetics","2023","2023/06/10","PMC10259313","","10.1080/15592294.2023.2218763"
"35758529","Association between depression and epigenetic age acceleration: A co-twin control study","Liu C, Wang Z, Hui Q, Goldberg J, Smith NL, Shah AJ, Murrah N, Shallenberger L, Diggers E, Bremner JD, Sun YV, Vaccarino V.","Depress Anxiety. 2022 Dec;39(12):741-750. doi: 10.1002/da.23279. Epub 2022 Jun 27.","Liu C","Depress Anxiety","2022","2022/06/27","PMC9729366","NIHMS1818253","10.1002/da.23279"
"39970931","Epigenetic age acceleration in idiopathic pulmonary fibrosis revealed by DNA methylation clocks","Kurbanov DB, Ahangari F, Adams T, De Man R, Tang J, Carlon M, Abu Hussein N, Cortesi E, Zapata M, De Sadelaar L, Wuyts W, Vanaudenaerde B, Kaminski N, McDonough JE.","Am J Physiol Lung Cell Mol Physiol. 2025 Mar 1;328(3):L456-L462. doi: 10.1152/ajplung.00171.2024. Epub 2025 Feb 19.","Kurbanov DB","Am J Physiol Lung Cell Mol Physiol","2025","2025/02/19","PMC12169420","NIHMS2084935","10.1152/ajplung.00171.2024"
"36202116","Association between work characteristics and epigenetic age acceleration: cross-sectional results from UK - Understanding Society study","Freni-Sterrantino A, Fiorito G, d'Errico A, Virtanen M, Ala-Mursula L, Järvelin MR, Vineis P, Robinson O.","Aging (Albany NY). 2022 Oct 5;14(19):7752-7773. doi: 10.18632/aging.204327. Epub 2022 Oct 5.","Freni-Sterrantino A","Aging (Albany NY)","2022","2022/10/06","PMC9596217","","10.18632/aging.204327"
"39096687","Prenatal and early-life air pollutant exposure and epigenetic aging acceleration","Lee DW, Lim YH, Choi YJ, Kim S, Shin CH, Lee YA, Kim BN, Kim JI, Hong YC.","Ecotoxicol Environ Saf. 2024 Sep 15;283:116823. doi: 10.1016/j.ecoenv.2024.116823. Epub 2024 Aug 2.","Lee DW","Ecotoxicol Environ Saf","2024","2024/08/03","","","10.1016/j.ecoenv.2024.116823"
"36107108","Association of Accelerometer-Measured Physical Activity and Sedentary Time with Epigenetic Markers of Aging","Spartano NL, Wang R, Yang Q, Chernofsky A, Murabito JM, Vasan RS, Levy D, Beiser AS, Seshadri S.","Med Sci Sports Exerc. 2023 Feb 1;55(2):264-272. doi: 10.1249/MSS.0000000000003041. Epub 2022 Sep 13.","Spartano NL","Med Sci Sports Exerc","2023","2022/09/15","PMC9840651","NIHMS1835407","10.1249/MSS.0000000000003041"
"40442824","Sleep patterns and DNA methylation age acceleration in middle-aged and older Chinese adults","Diao T, Liu K, Zhou L, Wang Q, Lyu J, Zhu Z, Chen F, Qin W, Yang H, Wang C, Zhang X, Wu T.","Clin Epigenetics. 2025 May 29;17(1):87. doi: 10.1186/s13148-025-01898-w.","Diao T","Clin Epigenetics","2025","2025/05/29","PMC12123996","","10.1186/s13148-025-01898-w"
"38358578","GrimAge is elevated in older adults with mild COVID-19 an exploratory analysis","García-delaTorre P, Rivero-Segura NA, Sánchez-García S, Becerril-Rojas K, Sandoval-Rodriguez FE, Castro-Morales D, Cruz-Lopez M, Vazquez-Moreno M, Rincón-Heredia R, Ramirez-Garcia P, Gomez-Verjan JC.","Geroscience. 2024 Aug;46(4):3511-3524. doi: 10.1007/s11357-024-01095-2. Epub 2024 Feb 15.","García-delaTorre P","Geroscience","2024","2024/02/15","PMC11226692","","10.1007/s11357-024-01095-2"
"36126422","Life-course exposure to air pollution and biological ageing in the Lothian Birth Cohort 1936","Baranyi G, Deary IJ, McCartney DL, Harris SE, Shortt N, Reis S, Russ TC, Ward Thompson C, Vieno M, Cox SR, Pearce J.","Environ Int. 2022 Nov;169:107501. doi: 10.1016/j.envint.2022.107501. Epub 2022 Sep 6.","Baranyi G","Environ Int","2022","2022/09/20","","","10.1016/j.envint.2022.107501"
"39373995","Longitudinal Changes in Epigenetic Age Acceleration Across Childhood and Adolescence","Del Toro J, Martz C, Freilich CD, Rea-Sandin G, Markon K, Cole S, Krueger RF, Wilson S.","JAMA Pediatr. 2024 Dec 1;178(12):1298-1306. doi: 10.1001/jamapediatrics.2024.3669.","Del Toro J","JAMA Pediatr","2024","2024/10/07","PMC11459359","","10.1001/jamapediatrics.2024.3669"
"38609099","Cannabis smoking is associated with advanced epigenetic age","Hernandez Cordero AI, Li X, Yang CX, Ambalavanan A, MacIsaac JL, Kobor MS, Doiron D, Tan W, Bourbeau J, Sin DD, Duan Q, Leung JM; CanCOLD Collaborative Research Group.","Eur Respir J. 2024 May 2;63(5):2400458. doi: 10.1183/13993003.00458-2024. Print 2024 May.","Hernandez Cordero AI","Eur Respir J","2024","2024/04/12","PMC11063617","","10.1183/13993003.00458-2024"
"39502823","Association between the Planetary Health Diet Index and biological aging among the U.S. population","Huang S, Hu H, Gong H.","Front Public Health. 2024 Oct 22;12:1482959. doi: 10.3389/fpubh.2024.1482959. eCollection 2024.","Huang S","Front Public Health","2024","2024/11/06","PMC11534585","","10.3389/fpubh.2024.1482959"
"35397259","Association of subjective social status with epigenetic aging among Black and White women","Hamlat EJ, Adler NE, Laraia B, Surachman A, Lu AT, Zhang J, Horvath S, Epel ES.","Psychoneuroendocrinology. 2022 Jul;141:105748. doi: 10.1016/j.psyneuen.2022.105748. Epub 2022 Mar 25.","Hamlat EJ","Psychoneuroendocrinology","2022","2022/04/09","PMC10228718","NIHMS1901666","10.1016/j.psyneuen.2022.105748"
"35113041","Work-related stress and well-being in association with epigenetic age acceleration: A Northern Finland Birth Cohort 1966 Study","Freni-Sterrantino A, Fiorito G, D'Errico A, Robinson O, Virtanen M, Ala-Mursula L, Järvelin MR, Ronkainen J, Vineis P.","Aging (Albany NY). 2022 Feb 2;14(3):1128-1156. doi: 10.18632/aging.203872. Epub 2022 Feb 2.","Freni-Sterrantino A","Aging (Albany NY)","2022","2022/02/03","PMC8876924","","10.18632/aging.203872"
"39683600","Associations Between Metabolic Age, Sociodemographic Variables, and Lifestyle Factors in Spanish Workers","Ramírez-Gallegos I, Marina-Arroyo M, López-González ÁA, Vallejos D, Martínez-Almoyna-Rifá E, Tárraga López PJ, Ramírez-Manent JI.","Nutrients. 2024 Dec 5;16(23):4207. doi: 10.3390/nu16234207.","Ramírez-Gallegos I","Nutrients","2024","2024/12/17","PMC11644425","","10.3390/nu16234207"
"35162071","Moving Forward: Understanding Correlates of Physical Activity and Sedentary Behaviour during COVID-19 in Children and Adolescents-An Integrative Review and Socioecological Approach","Knight RL, McNarry MA, Runacres AW, Shelley J, Sheeran L, Mackintosh KA.","Int J Environ Res Public Health. 2022 Jan 18;19(3):1044. doi: 10.3390/ijerph19031044.","Knight RL","Int J Environ Res Public Health","2022","2022/02/15","PMC8834078","","10.3390/ijerph19031044"
"34948253","Epigenetic Age Acceleration Is Not Associated with Age-Related Macular Degeneration","Saptarshi N, Green D, Cree A, Lotery A, Paraoan L, Porter LF.","Int J Mol Sci. 2021 Dec 15;22(24):13457. doi: 10.3390/ijms222413457.","Saptarshi N","Int J Mol Sci","2021","2021/12/24","PMC8705580","","10.3390/ijms222413457"
"37899644","Epigenetic Age Acceleration and Chronological Age: Associations With Cognitive Performance in Daily Life","Zavala DV, Dzikowski N, Gopalan S, Harrington KD, Pasquini G, Mogle J, Reid K, Sliwinski M, Graham-Engeland JE, Engeland CG, Bernard K, Veeramah K, Scott SB.","J Gerontol A Biol Sci Med Sci. 2024 Jan 1;79(1):glad242. doi: 10.1093/gerona/glad242.","Zavala DV","J Gerontol A Biol Sci Med Sci","2024","2023/10/30","PMC10733172","","10.1093/gerona/glad242"
"35037036","Epigenetic Age Acceleration and Change in Frailty in MOBILIZE Boston","Seligman BJ, Berry SD, Lipsitz LA, Travison TG, Kiel DP.","J Gerontol A Biol Sci Med Sci. 2022 Sep 1;77(9):1760-1765. doi: 10.1093/gerona/glac019.","Seligman BJ","J Gerontol A Biol Sci Med Sci","2022","2022/01/17","PMC9434439","","10.1093/gerona/glac019"
"35643537","Lifetime exposure to smoking, epigenetic aging, and morbidity and mortality in older adults","Klopack ET, Carroll JE, Cole SW, Seeman TE, Crimmins EM.","Clin Epigenetics. 2022 May 28;14(1):72. doi: 10.1186/s13148-022-01286-8.","Klopack ET","Clin Epigenetics","2022","2022/06/01","PMC9148451","","10.1186/s13148-022-01286-8"
"41025454","Epigenetic Clock Analysis of Sex Chromosome Aneuploidies","Zhang J, Teoli J, Rey B, Vieira C, Lemaitre JF, Plotton I, Marais GAB, Horvath S.","Aging Cell. 2025 Nov;24(11):e70243. doi: 10.1111/acel.70243. Epub 2025 Sep 30.","Zhang J","Aging Cell","2025","2025/09/30","PMC12610412","","10.1111/acel.70243"
"40605113","Epigenetic age acceleration and rheumatoid arthritis: an NHANES-based analysis and survival prediction models","Ou Y, Wang Z, Yuan Y, He Y, Li W, Ren H, Li J, Chen S, Liu Y.","Clin Epigenetics. 2025 Jul 2;17(1):111. doi: 10.1186/s13148-025-01919-8.","Ou Y","Clin Epigenetics","2025","2025/07/03","PMC12224362","","10.1186/s13148-025-01919-8"
"39073819","Psychosocial Disadvantage During Childhood and Midlife Health: NIMHD Social Epigenomics Program","Brown RL, Alegria KE, Hamlat E, Tomiyama AJ, Laraia B, Crimmins EM, Moffitt TE, Epel ES.","JAMA Netw Open. 2024 Jul 1;7(7):e2421841. doi: 10.1001/jamanetworkopen.2024.21841.","Brown RL","JAMA Netw Open","2024","2024/07/29","PMC11287423","","10.1001/jamanetworkopen.2024.21841"
"38874516","Associations of childhood, adolescence, and midlife cognitive function with DNA methylation age acceleration in midlife","Chen J, Moubadder L, Clausing ES, Kezios KL, Conneely KN, Hüls A, Baccarelli A, Factor-Litvak P, Cirrillo P, Shelton RC, Link BG, Suglia SF.","Aging (Albany NY). 2024 Jun 13;16(11):9350-9368. doi: 10.18632/aging.205943. Epub 2024 Jun 13.","Chen J","Aging (Albany NY)","2024","2024/06/14","PMC11210249","","10.18632/aging.205943"
"41402808","DNA methylation-based clocks, tobacco smoking, and lung cancer risk","Penha RCC, Onwuka JU, Langdon R, Sandanger TM, Nøst TH, Vineis P, Johansson M, Milne RL, Dugué PA, Relton C, Suderman M, McKay J, Johansson M.","BMC Med. 2025 Dec 17;24(1):40. doi: 10.1186/s12916-025-04542-9.","Penha RCC","BMC Med","2025","2025/12/16","PMC12821802","","10.1186/s12916-025-04542-9"
"38345302","Cumulative Stress Across the Life Course and Biological Aging in Adulthood","Suglia SF, Clausing ES, Shelton RC, Conneely K, Prada-Ortega D, DeVivo I, Factor-Litvak P, Cirillo P, Baccarelli AA, Cohn B, Link BG.","Psychosom Med. 2024 Apr 1;86(3):137-145. doi: 10.1097/PSY.0000000000001284. Epub 2024 Jan 10.","Suglia SF","Psychosom Med","2024","2024/02/12","PMC11001534","NIHMS1956856","10.1097/PSY.0000000000001284"
"31387022","Air pollution, particulate matter composition and methylation-based biologic age","White AJ, Kresovich JK, Keller JP, Xu Z, Kaufman JD, Weinberg CR, Taylor JA, Sandler DP.","Environ Int. 2019 Nov;132:105071. doi: 10.1016/j.envint.2019.105071. Epub 2019 Aug 3.","White AJ","Environ Int","2019","2019/08/07","PMC6754788","NIHMS1537078","10.1016/j.envint.2019.105071"
"33146735","Association of Neighborhood Deprivation With Epigenetic Aging Using 4 Clock Metrics","Lawrence KG, Kresovich JK, O'Brien KM, Hoang TT, Xu Z, Taylor JA, Sandler DP.","JAMA Netw Open. 2020 Nov 2;3(11):e2024329. doi: 10.1001/jamanetworkopen.2020.24329.","Lawrence KG","JAMA Netw Open","2020","2020/11/04","PMC7643028","","10.1001/jamanetworkopen.2020.24329"
"39992867","Epigenetic age acceleration in peripheral blood correlates with brain-MRI age acceleration","Sant'Anna Barbosa Ferreira P, van Dongen J, den Braber A, Boomsma DI, de Geus EJC, van 't Ent D.","Brain. 2025 Aug 1;148(8):2861-2868. doi: 10.1093/brain/awaf069.","Sant'Anna Barbosa Ferreira P","Brain","2025","2025/02/24","PMC12316020","","10.1093/brain/awaf069"
"31001624","A Systematic Review and Meta-analysis of Environmental, Lifestyle, and Health Factors Associated With DNA Methylation Age","Ryan J, Wrigglesworth J, Loong J, Fransquet PD, Woods RL.","J Gerontol A Biol Sci Med Sci. 2020 Feb 14;75(3):481-494. doi: 10.1093/gerona/glz099.","Ryan J","J Gerontol A Biol Sci Med Sci","2020","2019/04/20","PMC7328212","","10.1093/gerona/glz099"
"39026267","Effects of walking on epigenetic age acceleration: a Mendelian randomization study","Chen GY, Liu C, Xia Y, Wang PX, Zhao ZY, Li AY, Zhou CQ, Xiang C, Zhang JL, Zeng Y, Gu P, Li H.","Clin Epigenetics. 2024 Jul 18;16(1):94. doi: 10.1186/s13148-024-01707-w.","Chen GY","Clin Epigenetics","2024","2024/07/18","PMC11256679","","10.1186/s13148-024-01707-w"
"39014432","The association between sleep quality and accelerated epigenetic aging with metabolic syndrome in Korean adults","Lee HS, Kim B, Park T.","Clin Epigenetics. 2024 Jul 16;16(1):92. doi: 10.1186/s13148-024-01706-x.","Lee HS","Clin Epigenetics","2024","2024/07/16","PMC11253334","","10.1186/s13148-024-01706-x"
"37885906","Epigenetic age acceleration as a biomarker for impaired cognitive abilities in adulthood following early life adversity and psychiatric disorders","Felt JM, Yusupov N, Harrington KD, Fietz J, Zhang ZZ, Sliwinski MJ, Ram N, O'Donnell KJ; BeCOME Working Group; Meaney MJ, Putnam FW, Noll JG, Binder EB, Shenk CE.","Neurobiol Stress. 2023 Oct 15;27:100577. doi: 10.1016/j.ynstr.2023.100577. eCollection 2023 Nov.","Felt JM","Neurobiol Stress","2023","2023/10/27","PMC10597797","","10.1016/j.ynstr.2023.100577"
"35277542","Epigenome-wide association study and epigenetic age acceleration associated with cigarette smoking among Costa Rican adults","Cardenas A, Ecker S, Fadadu RP, Huen K, Orozco A, McEwen LM, Engelbrecht HR, Gladish N, Kobor MS, Rosero-Bixby L, Dow WH, Rehkopf DH.","Sci Rep. 2022 Mar 11;12(1):4277. doi: 10.1038/s41598-022-08160-w.","Cardenas A","Sci Rep","2022","2022/03/12","PMC8917214","","10.1038/s41598-022-08160-w"
"30660189","Leisure-time physical activity and DNA methylation age-a twin study","Sillanpää E, Ollikainen M, Kaprio J, Wang X, Leskinen T, Kujala UM, Törmäkangas T.","Clin Epigenetics. 2019 Jan 19;11(1):12. doi: 10.1186/s13148-019-0613-5.","Sillanpää E","Clin Epigenetics","2019","2019/01/21","PMC6339334","","10.1186/s13148-019-0613-5"
"37708820","Smoking affects epigenetic ageing of lung bronchoalveolar lavage cells in Multiple Sclerosis","Klose D, Needhamsen M, Ringh MV, Hagemann-Jensen M, Jagodic M, Kular L.","Mult Scler Relat Disord. 2023 Nov;79:104991. doi: 10.1016/j.msard.2023.104991. Epub 2023 Sep 9.","Klose D","Mult Scler Relat Disord","2023","2023/09/14","","","10.1016/j.msard.2023.104991"
"39432567","Neighborhood Stressors and Epigenetic Age Acceleration Among Older Americans","Choi EY, Ailshire JA.","J Gerontol B Psychol Sci Soc Sci. 2024 Dec 1;79(12):gbae176. doi: 10.1093/geronb/gbae176.","Choi EY","J Gerontol B Psychol Sci Soc Sci","2024","2024/10/21","PMC11582398","","10.1093/geronb/gbae176"
"40003942","Epigenetics-Based Age Acceleration Associated with 2,3,7,8 TCDD Exposure in Older Americans","Choi BY, Ryoo SW, Son SY, Lee JH, Min KB, Min JY.","Int J Mol Sci. 2025 Feb 10;26(4):1478. doi: 10.3390/ijms26041478.","Choi BY","Int J Mol Sci","2025","2025/02/26","PMC11855520","","10.3390/ijms26041478"
"39407257","Influence of physical activity on the epigenetic clock: evidence from a Japanese cross-sectional study","Nagata M, Komaki S, Nishida Y, Ohmomo H, Hara M, Tanaka K, Shimizu A.","Clin Epigenetics. 2024 Oct 15;16(1):142. doi: 10.1186/s13148-024-01756-1.","Nagata M","Clin Epigenetics","2024","2024/10/15","PMC11481432","","10.1186/s13148-024-01756-1"
"40511567","Physical Activity Is Associated With Decreased Epigenetic Aging: Findings From the Health and Retirement Study","Ammous F, Peterson MD, Mitchell C, Faul JD.","J Cachexia Sarcopenia Muscle. 2025 Jun;16(3):e13873. doi: 10.1002/jcsm.13873.","Ammous F","J Cachexia Sarcopenia Muscle","2025","2025/06/13","PMC12163535","","10.1002/jcsm.13873"
"36827906","Stressful life events and accelerated biological aging over time in youths","Sumner JA, Gao X, Gambazza S, Dye CK, Colich NL, Baccarelli AA, Uddin M, McLaughlin KA.","Psychoneuroendocrinology. 2023 May;151:106058. doi: 10.1016/j.psyneuen.2023.106058. Epub 2023 Feb 17.","Sumner JA","Psychoneuroendocrinology","2023","2023/02/24","PMC10364461","NIHMS1917174","10.1016/j.psyneuen.2023.106058"
"36750177","Epigenetic age and lung cancer risk in the CLUE II prospective cohort study","Michaud DS, Chung M, Zhao N, Koestler DC, Lu J, Platz EA, Kelsey KT.","Aging (Albany NY). 2023 Feb 7;15(3):617-629. doi: 10.18632/aging.204501. Epub 2023 Feb 7.","Michaud DS","Aging (Albany NY)","2023","2023/02/07","PMC9970317","","10.18632/aging.204501"
"40524240","Association between pace of biological aging and cancer and the modulating role of physical activity: a national cross-sectional study","Nong J, Wang Y, Zhang Y.","Clin Epigenetics. 2025 Jun 16;17(1):103. doi: 10.1186/s13148-025-01912-1.","Nong J","Clin Epigenetics","2025","2025/06/16","PMC12172232","","10.1186/s13148-025-01912-1"
"38176546","Prenatal and childhood lead exposure is prospectively associated with biological markers of aging in adolescence","Halabicky OM, Téllez-Rojo MM, Goodrich JM, Dolinoy DC, Mercado-García A, Hu H, Peterson KE.","Sci Total Environ. 2024 Feb 25;913:169757. doi: 10.1016/j.scitotenv.2023.169757. Epub 2024 Jan 2.","Halabicky OM","Sci Total Environ","2024","2024/01/04","PMC10823594","NIHMS1959753","10.1016/j.scitotenv.2023.169757"
"38824837","Associations between epigenetic age acceleration and longitudinal measures of psychosocioeconomic stress and status","Markon KE, Mann F, Freilich C, Cole S, Krueger RF.","Soc Sci Med. 2024 Jul;352:116990. doi: 10.1016/j.socscimed.2024.116990. Epub 2024 May 24.","Markon KE","Soc Sci Med","2024","2024/06/02","PMC11239272","NIHMS2000413","10.1016/j.socscimed.2024.116990"
"37517177","Associations between medium- and long-term exposure to air temperature and epigenetic age acceleration","Ni W, Nikolaou N, Ward-Caviness CK, Breitner S, Wolf K, Zhang S, Wilson R, Waldenberger M, Peters A, Schneider A.","Environ Int. 2023 Aug;178:108109. doi: 10.1016/j.envint.2023.108109. Epub 2023 Jul 23.","Ni W","Environ Int","2023","2023/07/30","PMC10656697","NIHMS1937864","10.1016/j.envint.2023.108109"
"33197920","Socio-Environmental, Lifestyle, Behavioural, and Psychological Determinants of Biological Ageing: The Singapore Longitudinal Ageing Study","Ng TP, Zhong X, Gao Q, Gwee X, Chua DQL, Larbi A.","Gerontology. 2020;66(6):603-613. doi: 10.1159/000511211. Epub 2020 Nov 16.","Ng TP","Gerontology","2020","2020/11/16","","","10.1159/000511211"
"38949160","Associations between Sleep and Physical Activity Behavior Clusters and Epigenetic Age Acceleration in Mexican Adolescents","Banker M, Jansen EC, Goodrich JM, English L, Dolinoy DC, Song PXK, Mitchell JA, Téllez-Rojo MM, Cantoral A, Peterson KE.","Med Sci Sports Exerc. 2024 Nov 1;56(11):2173-2183. doi: 10.1249/MSS.0000000000003498. Epub 2024 Jul 1.","Banker M","Med Sci Sports Exerc","2024","2024/07/01","PMC11524790","NIHMS1999636","10.1249/MSS.0000000000003498"
"30738172","Epigenetic age acceleration is associated with allergy and asthma in children in Project Viva","Peng C, Cardenas A, Rifas-Shiman SL, Hivert MF, Gold DR, Platts-Mills TA, Lin X, Oken E, Avila L, Celedón JC, Weiss ST, Baccarelli AA, Litonjua AA, DeMeo DL.","J Allergy Clin Immunol. 2019 Jun;143(6):2263-2270.e14. doi: 10.1016/j.jaci.2019.01.034. Epub 2019 Feb 6.","Peng C","J Allergy Clin Immunol","2019","2019/02/10","PMC6556426","NIHMS1520991","10.1016/j.jaci.2019.01.034"
"36959562","Associations of sleeping, sedentary and physical activity with phenotypic age acceleration: a cross-sectional isotemporal substitution model","Han M, Fang J, Zhang Y, Song X, Jin L, Ma Y.","BMC Geriatr. 2023 Mar 23;23(1):165. doi: 10.1186/s12877-023-03874-6.","Han M","BMC Geriatr","2023","2023/03/24","PMC10035275","","10.1186/s12877-023-03874-6"
"38149693","Stressful life events, social support, and epigenetic aging in the Women's Health Initiative","Skinner HG, Palma-Gudiel H, Stewart JD, Love SA, Bhatti P, Shadyab AH, Wallace RB, Salmoirago-Blotcher E, Manson JE, Kroenke CH, Belsky DW, Li Y, Whitsel EA, Zannas AS.","J Am Geriatr Soc. 2024 Feb;72(2):349-360. doi: 10.1111/jgs.18726. Epub 2023 Dec 27.","Skinner HG","J Am Geriatr Soc","2024","2023/12/27","PMC10922473","NIHMS1951076","10.1111/jgs.18726"
"31375641","Environmental exposure to polybrominated biphenyl (PBB) associates with an increased rate of biological aging","Curtis SW, Cobb DO, Kilaru V, Terrell ML, Marder ME, Barr DB, Marsit CJ, Marcus M, Conneely KN, Smith AK.","Aging (Albany NY). 2019 Aug 2;11(15):5498-5517. doi: 10.18632/aging.102134. Epub 2019 Aug 2.","Curtis SW","Aging (Albany NY)","2019","2019/08/04","PMC6710070","","10.18632/aging.102134"
"38744065","Associations of phthalates with accelerated aging and the mitigating role of physical activity","Qian T, Zhang J, Liu J, Wu J, Ruan Z, Shi W, Fan Y, Ye D, Fang X.","Ecotoxicol Environ Saf. 2024 Jun 15;278:116438. doi: 10.1016/j.ecoenv.2024.116438. Epub 2024 May 13.","Qian T","Ecotoxicol Environ Saf","2024","2024/05/14","","","10.1016/j.ecoenv.2024.116438"
"39587618","Parental epigenetic age acceleration and risk of adverse birth outcomes: the Norwegian mother, father and child cohort study","Magnus MC, Lee Y, Carlsen EØ, Arge LA, Jugessur A, Kvalvik LG, Morken NH, Ramlau-Hansen CH, Myrskylä M, Magnus P, Håberg SE.","BMC Med. 2024 Nov 25;22(1):554. doi: 10.1186/s12916-024-03780-7.","Magnus MC","BMC Med","2024","2024/11/26","PMC11590542","","10.1186/s12916-024-03780-7"
"31466396","Education and Lifestyle Factors Are Associated with DNA Methylation Clocks in Older African Americans","Zhao W, Ammous F, Ratliff S, Liu J, Yu M, Mosley TH, Kardia SLR, Smith JA.","Int J Environ Res Public Health. 2019 Aug 28;16(17):3141. doi: 10.3390/ijerph16173141.","Zhao W","Int J Environ Res Public Health","2019","2019/08/31","PMC6747433","","10.3390/ijerph16173141"
"39563442","Associations of epigenetic age acceleration at birth and age 12 years with adolescent cardiometabolic risk: the HOME study","Arzu JL, Kelsey KT, Papandonatos GD, Cecil KM, Chen A, Langevin SM, Lanphear BP, Yolton K, Buckley JP, Braun JM.","Clin Epigenetics. 2024 Nov 19;16(1):163. doi: 10.1186/s13148-024-01779-8.","Arzu JL","Clin Epigenetics","2024","2024/11/20","PMC11577890","","10.1186/s13148-024-01779-8"
"27276709","Relationship of tobacco smoking and smoking-related DNA methylation with epigenetic age acceleration","Gao X, Zhang Y, Breitling LP, Brenner H.","Oncotarget. 2016 Jul 26;7(30):46878-46889. doi: 10.18632/oncotarget.9795.","Gao X","Oncotarget","2016","2016/06/09","PMC5216910","","10.18632/oncotarget.9795"
"33693587","Associations of Body Composition and Physical Activity Level With Multiple Measures of Epigenetic Age Acceleration","Kresovich JK, Garval EL, Martinez Lopez AM, Xu Z, Niehoff NM, White AJ, Sandler DP, Taylor JA.","Am J Epidemiol. 2021 Jun 1;190(6):984-993. doi: 10.1093/aje/kwaa251.","Kresovich JK","Am J Epidemiol","2021","2021/03/11","PMC8168202","","10.1093/aje/kwaa251"
"39907822","Associations between lifestyle factors, physiological conditions, and epigenetic age acceleration in an Asian population","Wu YR, Lin WY.","Biogerontology. 2025 Feb 5;26(2):51. doi: 10.1007/s10522-025-10195-1.","Wu YR","Biogerontology","2025","2025/02/05","PMC11799100","","10.1007/s10522-025-10195-1"
"36815559","The Association of Physical Activity Behaviors and Patterns With Aging Acceleration: Evidence From the UK Biobank","Zhu J, Yang Y, Zeng Y, Han X, Chen W, Hu Y, Qu Y, Yang H, Valdimarsdóttir UA, Fang F, Song H.","J Gerontol A Biol Sci Med Sci. 2023 May 11;78(5):753-761. doi: 10.1093/gerona/glad064.","Zhu J","J Gerontol A Biol Sci Med Sci","2023","2023/02/23","PMC10172984","","10.1093/gerona/glad064"
"33431923","Biological age and lifestyle in the diagnosis of metabolic syndrome: the NHIS health screening data, 2014-2015","Bae CY, Piao M, Kim M, Im Y, Kim S, Kim D, Choi J, Cho KH.","Sci Rep. 2021 Jan 11;11(1):444. doi: 10.1038/s41598-020-79256-4.","Bae CY","Sci Rep","2021","2021/01/12","PMC7801435","","10.1038/s41598-020-79256-4"
"41197401","Accelerated biological aging and its hallmarks in DNA methylation drive the association between unhealthy lifestyles and the onset of colorectal cancer","Sun J, Liu M, Zhang X, Li X, Ye J, Zhao J, Zhou S, Ji H, Tan Y, Bian Z, Zhang D, Dunlop MG, Song M, Smith-Warner SA, Wu H, Theodoratou E, Cao Q, Li X.","EBioMedicine. 2025 Dec;122:106005. doi: 10.1016/j.ebiom.2025.106005. Epub 2025 Nov 5.","Sun J","EBioMedicine","2025","2025/11/06","PMC12634281","","10.1016/j.ebiom.2025.106005"
"33272294","The effects of everyday-life exposure to polycyclic aromatic hydrocarbons on biological age indicators","Pavanello S, Campisi M, Mastrangelo G, Hoxha M, Bollati V.","Environ Health. 2020 Dec 3;19(1):128. doi: 10.1186/s12940-020-00669-9.","Pavanello S","Environ Health","2020","2020/12/04","PMC7713168","","10.1186/s12940-020-00669-9"
"40281065","Associations of healthy lifestyle and accelerated aging with incident breast cancer in pre- and postmenopausal women: a population-based cohort study","Liu W, Yan M, Fan Z, Ma Z, Zhu Y, Chang H, Jiang R, Ren C.","Sci Rep. 2025 Apr 25;15(1):14524. doi: 10.1038/s41598-025-98625-5.","Liu W","Sci Rep","2025","2025/04/25","PMC12032409","","10.1038/s41598-025-98625-5"
"40825776","Epigenetic age acceleration and midlife cognition: joint evidence from observational study and Mendelian randomization","Pan Y, Huang Z, Sun X, De Anda-Duran I, Zhang R, Chen W, Li C, Capuano AW, Yaffe K, Zhao J, Bennett DA, Carmichael OT, Bazzano LA, Kelly TN.","NPJ Aging. 2025 Aug 18;11(1):75. doi: 10.1038/s41514-025-00265-6.","Pan Y","NPJ Aging","2025","2025/08/18","PMC12361426","","10.1038/s41514-025-00265-6"
"38802805","Epigenetic age acceleration is associated with blood lipid levels in a multi-ancestry sample of older U.S. adults","Lin L, Kiryakos J, Ammous F, Ratliff SM, Ware EB, Faul JD, Kardia SLR, Zhao W, Birditt KS, Smith JA.","BMC Med Genomics. 2024 May 27;17(1):146. doi: 10.1186/s12920-024-01914-7.","Lin L","BMC Med Genomics","2024","2024/05/27","PMC11129464","","10.1186/s12920-024-01914-7"
"37279588","Association of Neighborhood Deprivation and Depressive Symptoms With Epigenetic Age Acceleration: Evidence From the Canadian Longitudinal Study on Aging","Joshi D, van Lenthe FJ, Huisman M, Sund ER, Krokstad S, Avendano M, Raina P.","J Gerontol A Biol Sci Med Sci. 2024 Feb 1;79(2):glad118. doi: 10.1093/gerona/glad118.","Joshi D","J Gerontol A Biol Sci Med Sci","2024","2023/06/06","PMC10809038","","10.1093/gerona/glad118"
"37330047","Effects of lifestyle and associated diseases on serum CC16 suggest complex interactions among metabolism, heart and lungs","Rohmann N, Stürmer P, Geisler C, Schlicht K, Knappe C, Hartmann K, Türk K, Hollstein T, Beckmann A, Seoudy AK, Becker U, Wietzke-Braun P, Settgast U, Tran F, Rosenstiel P, Beckmann JH, von Schönfels W, Seifert S, Heyckendorf J, Franke A, Schreiber S, Schulte DM, Laudes M.","J Adv Res. 2024 May;59:161-171. doi: 10.1016/j.jare.2023.06.005. Epub 2023 Jun 16.","Rohmann N","J Adv Res","2024","2023/06/17","PMC11081936","","10.1016/j.jare.2023.06.005"
"31211779","Associations of genetics, behaviors, and life course circumstances with a novel aging and healthspan measure: Evidence from the Health and Retirement Study","Liu Z, Chen X, Gill TM, Ma C, Crimmins EM, Levine ME.","PLoS Med. 2019 Jun 18;16(6):e1002827. doi: 10.1371/journal.pmed.1002827. eCollection 2019 Jun.","Liu Z","PLoS Med","2019","2019/06/19","PMC6581243","","10.1371/journal.pmed.1002827"
"33277923","Associations of Alcohol Consumption With Epigenome-Wide DNA Methylation and Epigenetic Age Acceleration: Individual-Level and Co-twin Comparison Analyses","Stephenson M, Bollepalli S, Cazaly E, Salvatore JE, Barr P, Rose RJ, Dick D, Kaprio J, Ollikainen M.","Alcohol Clin Exp Res. 2021 Feb;45(2):318-328. doi: 10.1111/acer.14528. Epub 2020 Dec 30.","Stephenson M","Alcohol Clin Exp Res","2021","2020/12/05","PMC8120951","NIHMS1695982","10.1111/acer.14528"
"40758856","Association of systemic immune-inflammation index (SII) with epigenetic age acceleration in adults: insights from NHANES","Liu R, Liu M, Wang C, Tao Z, Hu G.","Epigenetics. 2025 Dec;20(1):2541248. doi: 10.1080/15592294.2025.2541248. Epub 2025 Aug 4.","Liu R","Epigenetics","2025","2025/08/04","PMC12323417","","10.1080/15592294.2025.2541248"
"40472880","Biological age acceleration mediates effects of household air pollution from solid fuels on dementia risk: A prospective cohort study in China","Wu H, Lin Z, Zhang C, Jiang Y, Bai L, Zheng J, Wei S, Deng C.","Environ Pollut. 2025 Sep 15;381:126603. doi: 10.1016/j.envpol.2025.126603. Epub 2025 Jun 3.","Wu H","Environ Pollut","2025","2025/06/05","","","10.1016/j.envpol.2025.126603"
"40095187","Epigenetic age acceleration and mortality risk prediction in US adults","Mendy A, Mersha TB.","Geroscience. 2025 Aug;47(4):6029-6038. doi: 10.1007/s11357-025-01604-x. Epub 2025 Mar 17.","Mendy A","Geroscience","2025","2025/03/17","PMC12397028","","10.1007/s11357-025-01604-x"
"38464171","Epigenetic age acceleration is associated with blood lipid levels in a multi-ancestry sample of older U.S. adults","Lin L, Kiryakos J, Ammous F, Ratliff SM, Ware EB, Faul JD, Kardia SLR, Zhao W, Birditt KS, Smith JA.","Res Sq [Preprint]. 2024 Feb 27:rs.3.rs-3934965. doi: 10.21203/rs.3.rs-3934965/v1.","Lin L","Res Sq","2024","2024/03/11","PMC10925395","","10.21203/rs.3.rs-3934965/v1"
"36650913","The association between adverse childhood experiences and epigenetic age acceleration in the Canadian longitudinal study on aging (CLSA)","Joshi D, Gonzalez A, Lin D, Raina P.","Aging Cell. 2023 Feb;22(2):e13779. doi: 10.1111/acel.13779. Epub 2023 Jan 17.","Joshi D","Aging Cell","2023","2023/01/18","PMC9924940","","10.1111/acel.13779"
"38331797","Self-control is associated with health-relevant disparities in buccal DNA-methylation measures of biological aging in older adults","Willems YE, deSteiguer A, Tanksley PT, Vinnik L, Fraemke D, Okbay A, Richter D, Wagner GG, Hertwig R, Koellinger P, Tucker-Drob EM, Harden KP, Raffington L.","Clin Epigenetics. 2024 Feb 8;16(1):22. doi: 10.1186/s13148-024-01637-7.","Willems YE","Clin Epigenetics","2024","2024/02/08","PMC10854186","","10.1186/s13148-024-01637-7"
"28958059","Biological Age, Not Chronological Age, Is Associated with Late-Life Depression","Brown PJ, Wall MM, Chen C, Levine ME, Yaffe K, Roose SP, Rutherford BR.","J Gerontol A Biol Sci Med Sci. 2018 Sep 11;73(10):1370-1376. doi: 10.1093/gerona/glx162.","Brown PJ","J Gerontol A Biol Sci Med Sci","2018","2017/09/29","PMC6132120","","10.1093/gerona/glx162"
"33453106","Associations of Age, Sex, Race/Ethnicity, and Education With 13 Epigenetic Clocks in a Nationally Representative U.S. Sample: The Health and Retirement Study","Crimmins EM, Thyagarajan B, Levine ME, Weir DR, Faul J.","J Gerontol A Biol Sci Med Sci. 2021 May 22;76(6):1117-1123. doi: 10.1093/gerona/glab016.","Crimmins EM","J Gerontol A Biol Sci Med Sci","2021","2021/01/16","PMC8140049","","10.1093/gerona/glab016"
"39230773","Active longevity and aging: dissecting the impacts of physical and sedentary behaviors on longevity and age acceleration","Lu TY, Wang J, Jiang CQ, Jin YL, Cheng KK, Lam TH, Zhang WS, Xu L.","Geroscience. 2025 Jun;47(3):3525-3538. doi: 10.1007/s11357-024-01329-3. Epub 2024 Sep 4.","Lu TY","Geroscience","2025","2024/09/04","PMC12181555","","10.1007/s11357-024-01329-3"
"35146471","Epigenetic age acceleration in the emerging burden of cardiometabolic diseases among migrant and non-migrant African populations: the population based cross-sectional RODAM study","Chilunga FP, Henneman P, Elliott HR, Cronjé HT, Walia GK, Meeks KAC, Requena-Mendez A, Venema A, Bahendeka S, Danquah I, Adeyemo A, Klipstein-Grobusch K, Pieters M, Mannens MMAM, Agyemang C.","Lancet Healthy Longev. 2021 May 17;2(6):E327-E339. doi: 10.1016/S2666-7568(21)00087-8.","Chilunga FP","Lancet Healthy Longev","2021","2022/02/11","PMC7612337","EMS141013","10.1016/S2666-7568(21)00087-8"
"40696637","Aging acceleration, not chronological age, is associated with cognitive performance in older adults: A cross-sectional study on the protective role of physical activity","Sun Y, Wu W, Sun X, Ren L, Ren Z, Gong G.","Medicine (Baltimore). 2025 Jul 18;104(29):e43431. doi: 10.1097/MD.0000000000043431.","Sun Y","Medicine (Baltimore)","2025","2025/07/23","PMC12282797","","10.1097/MD.0000000000043431"
"40726009","Epigenetic Age Monitoring in Professional Soccer Players for Tracking Recovery and the Effects of Strenuous Exercise","Brooke RT, Kocher T, Zauner R, Gordevicius J, Milčiūtė M, Nowakowski M, Haser C, Blobel T, Sieland J, Langhoff D, Banzer W, Horvath S, Pfab F.","Aging Cell. 2025 Oct;24(10):e70182. doi: 10.1111/acel.70182. Epub 2025 Jul 28.","Brooke RT","Aging Cell","2025","2025/07/29","PMC12507406","","10.1111/acel.70182"
"28284819","Associations between long-term exposure to PM(2.5) component species and blood DNA methylation age in the elderly: The VA normative aging study","Nwanaji-Enwerem JC, Dai L, Colicino E, Oulhote Y, Di Q, Kloog I, Just AC, Hou L, Vokonas P, Baccarelli AA, Weisskopf MG, Schwartz JD.","Environ Int. 2017 May;102:57-65. doi: 10.1016/j.envint.2016.12.024. Epub 2017 Mar 9.","Nwanaji-Enwerem JC","Environ Int","2017","2017/03/13","PMC5396466","NIHMS858985","10.1016/j.envint.2016.12.024"
"35001659","Associations Between Blood Pressure and Accelerated DNA Methylation Aging","Xiao L, Zan G, Liu C, Xu X, Li L, Chen X, Zhang Z, Yang X.","J Am Heart Assoc. 2022 Feb;11(3):e022257. doi: 10.1161/JAHA.121.022257. Epub 2022 Jan 8.","Xiao L","J Am Heart Assoc","2022","2022/01/10","PMC9238504","","10.1161/JAHA.121.022257"
"40301953","Associations between five indicators of epigenetic age acceleration and all-cause and cause-specific mortality among US adults aged 50 years and older","Zou Y, Huang J, Tang X, Xu J.","Clin Epigenetics. 2025 Apr 29;17(1):66. doi: 10.1186/s13148-025-01872-6.","Zou Y","Clin Epigenetics","2025","2025/04/29","PMC12038942","","10.1186/s13148-025-01872-6"
"38755138","Severe drought exposure in utero associates to children's epigenetic age acceleration in a global climate change hot spot","Qiao X, Straight B, Ngo D, Hilton CE, Owuor Olungah C, Naugle A, Lalancette C, Needham BL.","Nat Commun. 2024 May 16;15(1):4140. doi: 10.1038/s41467-024-48426-7.","Qiao X","Nat Commun","2024","2024/05/16","PMC11099019","","10.1038/s41467-024-48426-7"
"31761615","Association between sleep disordered breathing and epigenetic age acceleration: Evidence from the Multi-Ethnic Study of Atherosclerosis","Li X, Joehanes R, Hoeschele I, Rich SS, Rotter JI, Levy D, Liu Y, Redline S, Sofer T.","EBioMedicine. 2019 Dec;50:387-394. doi: 10.1016/j.ebiom.2019.11.020. Epub 2019 Nov 21.","Li X","EBioMedicine","2019","2019/11/26","PMC6921369","","10.1016/j.ebiom.2019.11.020"
"40561046","Effects of lifestyle on telomere length: A study on the Korean population","Bae CY, Kim IH, Kim SH, Chun H, Kim BS, Jeon MH.","PLoS One. 2025 Jun 25;20(6):e0325233. doi: 10.1371/journal.pone.0325233. eCollection 2025.","Bae CY","PLoS One","2025","2025/06/25","PMC12193710","","10.1371/journal.pone.0325233"
"37982570","Patterns and Life Course Determinants of Black-White Disparities in Biological Age Acceleration: A Decomposition Analysis","Boen CE, Yang YC, Aiello AE, Dennis AC, Harris KM, Kwon D, Belsky DW.","Demography. 2023 Dec 1;60(6):1815-1841. doi: 10.1215/00703370-11057546.","Boen CE","Demography","2023","2023/11/20","PMC10842850","NIHMS1951229","10.1215/00703370-11057546"
"41645353","Epigenetic age and cardiometabolic disease in Guatemalan adults: a cross-sectional analysis","Chapnick MA, Yu EA, Smith AK, Conneely KN, Ramírez-Zea M, Qin ZS, Staimez LR, Vaccarino V, Stein AD.","J Health Popul Nutr. 2026 Feb 5. doi: 10.1186/s41043-026-01255-4. Online ahead of print.","Chapnick MA","J Health Popul Nutr","2026","2026/02/06","","","10.1186/s41043-026-01255-4"
"41202959","Long-term exposure to traffic-related air pollution is associated with epigenetic age acceleration","Yao Y, Wolf K, Breitner S, Zhang S, Waldenberger M, Winkelmann J, Schneider A, Peters A.","Environ Res. 2026 Jan 1;288(Pt 2):123284. doi: 10.1016/j.envres.2025.123284. Epub 2025 Nov 5.","Yao Y","Environ Res","2026","2025/11/07","","","10.1016/j.envres.2025.123284"
"32690336","The effects of social adversity, discrimination, and health risk behaviors on the accelerated aging of African Americans: Further support for the weathering hypothesis","Simons RL, Lei MK, Klopack E, Beach SRH, Gibbons FX, Philibert RA.","Soc Sci Med. 2021 Aug;282:113169. doi: 10.1016/j.socscimed.2020.113169. Epub 2020 Jul 7.","Simons RL","Soc Sci Med","2021","2020/07/22","PMC7790841","NIHMS1649768","10.1016/j.socscimed.2020.113169"
"36802439","Epigenetic-based age acceleration in a representative sample of older Americans: Associations with aging-related morbidity and mortality","Faul JD, Kim JK, Levine ME, Thyagarajan B, Weir DR, Crimmins EM.","Proc Natl Acad Sci U S A. 2023 Feb 28;120(9):e2215840120. doi: 10.1073/pnas.2215840120. Epub 2023 Feb 21.","Faul JD","Proc Natl Acad Sci U S A","2023","2023/02/21","PMC9992763","","10.1073/pnas.2215840120"
"37839726","Maternal prenatal social experiences and offspring epigenetic age acceleration from birth to mid-childhood","Laubach ZM, Bozack A, Aris IM, Slopen N, Tiemeier H, Hivert MF, Cardenas A, Perng W.","Ann Epidemiol. 2024 Feb;90:28-34. doi: 10.1016/j.annepidem.2023.10.003. Epub 2023 Oct 13.","Laubach ZM","Ann Epidemiol","2024","2023/10/15","PMC10842218","NIHMS1940244","10.1016/j.annepidem.2023.10.003"
"39508977","Physical activity and DNA methylation-based markers of ageing in 6208 middle-aged and older Australians: cross-sectional and longitudinal analyses","Zheng HT, Li DL, Lou MWC, Hodge AM, Southey MC, Giles GG, Milne RL, Lynch BM, Dugué PA.","Geroscience. 2025 Apr;47(2):2263-2274. doi: 10.1007/s11357-024-01408-5. Epub 2024 Nov 7.","Zheng HT","Geroscience","2025","2024/11/07","PMC11979085","","10.1007/s11357-024-01408-5"
"33007577","Associations between serum concentrations of perfluoroalkyl substances and DNA methylation in women exposed through drinking water: A pilot study in Ronneby, Sweden","Xu Y, Jurkovic-Mlakar S, Lindh CH, Scott K, Fletcher T, Jakobsson K, Engström K.","Environ Int. 2020 Dec;145:106148. doi: 10.1016/j.envint.2020.106148. Epub 2020 Sep 30.","Xu Y","Environ Int","2020","2020/10/02","","","10.1016/j.envint.2020.106148"
"39985312","Epigenetic Clock Analysis for National Institutes of Health Stroke Scale in Patients With Ischemic Stroke","Jiang W, Shirai T, Otsuka I, Okazaki S, Tanifuji T, Horai T, Minami H, Miyachi M, Okada S, Hishimoto A.","Neuropsychopharmacol Rep. 2025 Mar;45(1):e70009. doi: 10.1002/npr2.70009.","Jiang W","Neuropsychopharmacol Rep","2025","2025/02/22","PMC11845873","","10.1002/npr2.70009"
"37046280","DNA methylation age at birth and childhood: performance of epigenetic clocks and characteristics associated with epigenetic age acceleration in the Project Viva cohort","Bozack AK, Rifas-Shiman SL, Gold DR, Laubach ZM, Perng W, Hivert MF, Cardenas A.","Clin Epigenetics. 2023 Apr 12;15(1):62. doi: 10.1186/s13148-023-01480-2.","Bozack AK","Clin Epigenetics","2023","2023/04/12","PMC10099681","","10.1186/s13148-023-01480-2"
"41389509","The association of environmental toxicants exposure with cardiovascular disease risk: A comprehensive analysis from population to molecular mechanism","Fang H, Fang GH, Chen DJ, Chang HJ, Yang MH, Zhang H, Jiang YJ, Cai YF, Hu ZJ, Peng XE.","Ecotoxicol Environ Saf. 2026 Jan 1;309:119562. doi: 10.1016/j.ecoenv.2025.119562. Epub 2025 Dec 13.","Fang H","Ecotoxicol Environ Saf","2026","2025/12/13","","","10.1016/j.ecoenv.2025.119562"
"29112964","Environment-dependence of behavioural consistency in adult male European green lizards (Lacerta viridis)","Horváth G, Mészáros B, Urszán TJ, Bajer K, Molnár O, Garamszegi LZ, Herczeg G.","PLoS One. 2017 Nov 7;12(11):e0187657. doi: 10.1371/journal.pone.0187657. eCollection 2017.","Horváth G","PLoS One","2017","2017/11/08","PMC5675404","","10.1371/journal.pone.0187657"
"41445615","Association of Smoking Behavior, Intensity, and Time Since Cessation with Epigenetic Aging Biomarkers: Results from NHANES 1999-2002","Perez-Garcia J, Khodasevich D, Bozack AK, Rice MB, Nwanaji-Enwerem JC, Gladish N, Needham BL, Rehkopf DH, Cardenas A.","medRxiv [Preprint]. 2025 Dec 19:2025.12.18.25342556. doi: 10.64898/2025.12.18.25342556.","Perez-Garcia J","medRxiv","2025","2025/12/25","PMC12724157","","10.64898/2025.12.18.25342556"
